EMAIL,FIRST_NAME,LAST_NAME,ADDRESS,PHONE_NUMBER,HASH,ADMIN
admin@gmail.com,CC,DD,203 rue St-Catherine,1231231212,$2y$12$0oaRF0ANKMSsODfCas3ea.8pWMuB6ckK24d.ZgyP3gRZdXkjvR7w6,1
pyuryshev0@columbia.edu,Paulie,Yuryshev,53230 Cottonwood Lane,5916326097,zSSvJJuAEYi,0
jmossbee1@google.ru,Justus,Mossbee,0370 Basil Parkway,7719716941,QvZPXd,0
nalesin2@mapquest.com,Nickie,Alesin,47 Butternut Drive,4093185721,yT7eW2,0
mmallindine3@ed.gov,Menard,Mallindine,678 Florence Park,5361325104,tKH5jASe,0
dspowage4@bbb.org,Devonna,Spowage,25880 Valley Edge Drive,4783224253,rmCFy8kQSQd,0
fveness5@nhs.uk,Farr,Veness,6 Saint Paul Crossing,1182328382,sTe2SswVrl,0
tkitman6@google.com,Timmie,Kitman.hk,39 Sherman Junction,9307351272,URrQnT,0
lcanas7@marketwatch.com,Leesa,Canas,33 3rd Alley,5129806454,uPRUSD,0
livanonko8@ted.com,Lilith,Ivanonko,5 North Plaza,9276581915,JztbgDB,0
dmacsporran9@naver.com,Dolli,MacSporran,1029 Acker Crossing,4289503224,coJwyhqS,0
